"mass","coupling"
0.0025558166677935546,4.053383407661688e-13
0.002740839471616157,4.4888669081453884e-13
0.002740839471616157,4.4888669081453884e-13
0.0027811110057269998,4.589898177420413e-13
0.0027811110057269998,4.589898177420413e-13
0.0027889799999999995,4.552408000000002e-13
0.0027889799999999995,4.552408000000002e-13
0.002814812,4.4322909999999965e-13
0.002814812,4.4322909999999965e-13
0.002840884000000001,4.3154379999999987e-13
0.002840884000000001,4.3154379999999987e-13
0.0028671960000000002,4.201759000000004e-13
0.0028671960000000002,4.201759000000004e-13
0.0028937529999999985,4.0911629999999986e-13
0.0028937529999999985,4.0911629999999986e-13
0.0029205560000000012,3.9835650000000043e-13
0.0029205560000000012,3.9835650000000043e-13
0.002947606000000001,3.876156999999997e-13
0.002947606000000001,3.876156999999997e-13
0.0029749079999999996,3.7715330000000015e-13
0.0029749079999999996,3.7715330000000015e-13
0.003002461999999999,3.669811000000006e-13
0.003002461999999999,3.669811000000006e-13
0.0030302710000000015,3.5709080000000056e-13
0.0030302710000000015,3.5709080000000056e-13
0.003058338000000001,3.4747439999999954e-13
0.003058338000000001,3.4747439999999954e-13
0.003086665000000001,3.3874269999999967e-13
0.003086665000000001,3.3874269999999967e-13
0.003115254,3.304543e-13
0.003115254,3.304543e-13
0.003144107999999999,3.2237529999999944e-13
0.003144107999999999,3.2237529999999944e-13
0.0031732299999999995,3.1450020000000054e-13
0.0031732299999999995,3.1450020000000054e-13
0.003202621000000001,3.0682379999999987e-13
0.003202621000000001,3.0682379999999987e-13
0.003232284000000001,2.996013000000003e-13
0.003232284000000001,2.996013000000003e-13
0.003262222000000001,2.9258149999999986e-13
0.003262222000000001,2.9258149999999986e-13
0.0032924369999999996,2.857318000000001e-13
0.0032924369999999996,2.857318000000001e-13
0.003322932999999999,2.790479999999996e-13
0.003322932999999999,2.790479999999996e-13
0.00335371,2.726763e-13
0.00335371,2.726763e-13
0.003384773,2.6829420000000026e-13
0.003384773,2.6829420000000026e-13
0.0034161230000000014,2.639877000000002e-13
0.0034161230000000014,2.639877000000002e-13
0.0034477639999999994,2.5975529999999966e-13
0.0034477639999999994,2.5975529999999966e-13
0.003479698,2.555955999999998e-13
0.003479698,2.555955999999998e-13
0.003511927999999999,2.516391000000004e-13
0.003511927999999999,2.516391000000004e-13
0.003544456000000001,2.5232519999999975e-13
0.003544456000000001,2.5232519999999975e-13
0.0035772849999999995,2.530180000000003e-13
0.0035772849999999995,2.530180000000003e-13
0.003610419000000001,2.537174000000004e-13
0.003610419000000001,2.537174000000004e-13
0.003643859000000001,2.5442339999999993e-13
0.003643859000000001,2.5442339999999993e-13
0.003677608999999999,2.5513599999999997e-13
0.003677608999999999,2.5513599999999997e-13
0.003711672000000001,2.558553000000003e-13
0.003711672000000001,2.558553000000003e-13
0.003746050000000001,2.565812999999997e-13
0.003746050000000001,2.565812999999997e-13
0.0037807470000000005,2.5708439999999966e-13
0.0037807470000000005,2.5708439999999966e-13
0.0038157649999999996,2.5750439999999957e-13
0.0038157649999999996,2.5750439999999957e-13
0.0038511069999999994,2.579297000000005e-13
0.0038511069999999994,2.579297000000005e-13
0.0038867769999999992,2.583601999999996e-13
0.0038867769999999992,2.583601999999996e-13
0.003922776999999999,2.5879599999999963e-13
0.003922776999999999,2.5879599999999963e-13
0.00395911,2.592369999999996e-13
0.00395911,2.592369999999996e-13
0.00399578,2.5968330000000005e-13
0.00399578,2.5968330000000005e-13
0.004032790000000002,2.6004260000000036e-13
0.004032790000000002,2.6004260000000036e-13
0.0040701420000000006,2.6031179999999996e-13
0.0040701420000000006,2.6031179999999996e-13
0.004107840999999999,2.605857000000003e-13
0.004107840999999999,2.605857000000003e-13
0.004145888000000001,2.6086420000000016e-13
0.004145888000000001,2.6086420000000016e-13
0.004184288999999999,2.6114740000000027e-13
0.004184288999999999,2.6114740000000027e-13
0.004223043999999999,2.614352000000003e-13
0.004223043999999999,2.614352000000003e-13
0.004262159000000001,2.617275000000001e-13
0.004262159000000001,2.617275000000001e-13
0.004301636,2.6202449999999985e-13
0.004301636,2.6202449999999985e-13
0.004341478000000001,2.6277249999999963e-13
0.004341478000000001,2.6277249999999963e-13
0.004381689999999998,2.654499000000004e-13
0.004381689999999998,2.654499000000004e-13
0.004422274,2.6815889999999996e-13
0.004422274,2.6815889999999996e-13
0.004463233999999998,2.7089970000000037e-13
0.004463233999999998,2.7089970000000037e-13
0.004504573,2.7367290000000024e-13
0.004504573,2.7367290000000024e-13
0.004546295,2.764787000000001e-13
0.004546295,2.764787000000001e-13
0.004588403999999999,2.7931770000000035e-13
0.004588403999999999,2.7931770000000035e-13
0.004630903000000001,2.8219009999999994e-13
0.004630903000000001,2.8219009999999994e-13
0.004673795000000001,2.8509640000000036e-13
0.004673795000000001,2.8509640000000036e-13
0.004717084999999999,2.880369000000001e-13
0.004717084999999999,2.880369000000001e-13
0.004760775,2.9101220000000005e-13
0.004760775,2.9101220000000005e-13
0.004804870000000002,2.9402259999999993e-13
0.004804870000000002,2.9402259999999993e-13
0.004849373999999999,2.9717990000000045e-13
0.004849373999999999,2.9717990000000045e-13
0.004894290000000001,3.0041540000000047e-13
0.004894290000000001,3.0041540000000047e-13
0.004939622000000002,3.036905999999997e-13
0.004939622000000002,3.036905999999997e-13
0.0049853729999999995,3.070059999999996e-13
0.0049853729999999995,3.070059999999996e-13
0.0050315490000000015,3.1036200000000055e-13
0.0050315490000000015,3.1036200000000055e-13
0.005078151999999999,3.1375910000000005e-13
0.005078151999999999,3.1375910000000005e-13
0.005125186999999999,3.1719800000000016e-13
0.005125186999999999,3.1719800000000016e-13
0.005172656999999998,3.2075960000000016e-13
0.005172656999999998,3.2075960000000016e-13
0.005220567999999998,3.2484030000000023e-13
0.005220567999999998,3.2484030000000023e-13
0.005268921,3.2897749999999985e-13
0.005268921,3.2897749999999985e-13
0.0053177230000000025,3.331719000000004e-13
0.0053177230000000025,3.331719000000004e-13
0.0053669769999999985,3.374243999999994e-13
0.0053669769999999985,3.374243999999994e-13
0.005416687000000001,3.4173570000000026e-13
0.005416687000000001,3.4173570000000026e-13
0.005466856999999999,3.4610679999999974e-13
0.005466856999999999,3.4610679999999974e-13
0.005517492,3.505384999999997e-13
0.005517492,3.505384999999997e-13
0.005568596000000002,3.560469999999997e-13
0.005568596000000002,3.560469999999997e-13
0.005620174000000001,3.6247380000000014e-13
0.005620174000000001,3.6247380000000014e-13
0.005672228999999997,3.690213999999998e-13
0.005672228999999997,3.690213999999998e-13
0.005724766000000003,3.7569210000000044e-13
0.005724766000000003,3.7569210000000044e-13
0.00577779,3.8248830000000055e-13
0.00577779,3.8248830000000055e-13
0.005831305,3.8941240000000063e-13
0.005831305,3.8941240000000063e-13
0.005885316000000001,3.9646679999999985e-13
0.005885316000000001,3.9646679999999985e-13
0.005939826999999999,4.0365409999999934e-13
0.005939826999999999,4.0365409999999934e-13
0.005994842999999998,4.113472999999997e-13
0.005994842999999998,4.113472999999997e-13
0.006050367999999997,4.192063000000003e-13
0.006050367999999997,4.192063000000003e-13
0.006106408,4.272206000000007e-13
0.006106408,4.272206000000007e-13
0.006162966,4.3539339999999936e-13
0.006162966,4.3539339999999936e-13
0.006220048999999999,4.437278999999996e-13
0.006220048999999999,4.437278999999996e-13
0.006277660000000001,4.522273e-13
0.006277660000000001,4.522273e-13
0.006335804999999998,4.60895e-13
0.006335804999999998,4.60895e-13
0.006394487999999998,4.697071000000004e-13
0.006394487999999998,4.697071000000004e-13
0.006453715000000001,4.786464000000004e-13
0.006453715000000001,4.786464000000004e-13
0.006513490999999999,4.877615000000007e-13
0.006513490999999999,4.877615000000007e-13
0.00657382,4.970559000000004e-13
0.00657382,4.970559000000004e-13
0.006634707999999998,5.065332000000003e-13
0.006634707999999998,5.065332000000003e-13
0.006696159999999999,5.161969999999994e-13
0.006696159999999999,5.161969999999994e-13
0.006758180999999999,5.260511000000005e-13
0.006758180999999999,5.260511000000005e-13
0.006820777,5.360992000000009e-13
0.006820777,5.360992000000009e-13
0.006883951999999998,5.473444999999994e-13
0.006883951999999998,5.473444999999994e-13
0.006947713000000002,5.591163999999992e-13
0.006947713000000002,5.591163999999992e-13
0.007012063999999999,5.711476999999996e-13
0.007012063999999999,5.711476999999996e-13
0.007077011000000002,5.834441999999996e-13
0.007077011000000002,5.834441999999996e-13
0.007142559000000002,5.96011799999999e-13
0.007142559000000002,5.96011799999999e-13
0.007208714999999998,6.088564999999995e-13
0.007208714999999998,6.088564999999995e-13
0.007275483999999999,6.219846000000007e-13
0.007275483999999999,6.219846000000007e-13
0.00734287,6.359503000000008e-13
0.00734287,6.359503000000008e-13
0.007410881999999997,6.526173999999997e-13
0.007410881999999997,6.526173999999997e-13
0.007479522999999999,6.697281000000003e-13
0.007479522999999999,6.697281000000003e-13
0.007548799,6.872944999999991e-13
0.007548799,6.872944999999991e-13
0.007618718000000003,7.053287999999988e-13
0.007618718000000003,7.053287999999988e-13
0.007689284,7.238434999999995e-13
0.007689284,7.238434999999995e-13
0.007760502999999998,7.428515999999988e-13
0.007760502999999998,7.428515999999988e-13
0.007832382999999998,7.623664000000009e-13
0.007832382999999998,7.623664000000009e-13
0.007904927999999999,7.824015000000007e-13
0.007904927999999999,7.824015000000007e-13
0.007978144999999996,8.029707999999987e-13
0.007978144999999996,8.029707999999987e-13
0.008052040000000002,8.240888999999996e-13
0.008052040000000002,8.240888999999996e-13
0.008126619,8.457704999999996e-13
0.008126619,8.457704999999996e-13
0.008201889000000002,8.680307000000015e-13
0.008201889000000002,8.680307000000015e-13
0.008277857000000001,8.908851000000003e-13
0.008277857000000001,8.908851000000003e-13
0.008354527999999998,9.143497999999985e-13
0.008354527999999998,9.143497999999985e-13
0.008431909000000001,9.384484999999986e-13
0.008431909000000001,9.384484999999986e-13
0.008510006999999997,9.640842999999991e-13
0.008510006999999997,9.640842999999991e-13
0.008588829000000003,9.904293000000015e-13
0.008588829000000003,9.904293000000015e-13
0.00866838,1.0175029999999988e-12
0.00866838,1.0175029999999988e-12
0.008748667999999998,1.0453270000000002e-12
0.008748667999999998,1.0453270000000002e-12
0.008829700000000001,1.0739210000000013e-12
0.008829700000000001,1.0739210000000013e-12
0.008911482000000002,1.1033069999999987e-12
0.008911482000000002,1.1033069999999987e-12
0.008994022,1.133506000000002e-12
0.008994022,1.133506000000002e-12
0.009077327000000001,1.1664359999999981e-12
0.009077327000000001,1.1664359999999981e-12
0.009161402,1.2030600000000005e-12
0.009161402,1.2030600000000005e-12
0.009246257,1.240844999999998e-12
0.009246257,1.240844999999998e-12
0.009331898000000005,1.279826999999998e-12
0.009331898000000005,1.279826999999998e-12
0.009418332000000001,1.3200450000000008e-12
0.009418332000000001,1.3200450000000008e-12
0.009505566000000002,1.3615379999999987e-12
0.009505566000000002,1.3615379999999987e-12
0.009593607999999998,1.404345999999999e-12
0.009593607999999998,1.404345999999999e-12
0.009682466000000004,1.4485130000000002e-12
0.009682466000000004,1.4485130000000002e-12
0.009772147,1.4940800000000002e-12
0.009772147,1.4940800000000002e-12
0.009862657999999998,1.5410939999999985e-12
0.009862657999999998,1.5410939999999985e-12
0.009954007999999997,1.5895989999999984e-12
0.009954007999999997,1.5895989999999984e-12
0.010046200000000003,1.6396439999999981e-12
0.010046200000000003,1.6396439999999981e-12
0.010139250000000004,1.6912779999999993e-12
0.010139250000000004,1.6912779999999993e-12
0.010233170000000003,1.7445510000000007e-12
0.010233170000000003,1.7445510000000007e-12
0.010327949999999997,1.7995170000000005e-12
0.010327949999999997,1.7995170000000005e-12
0.010423609999999998,1.856498999999997e-12
0.010423609999999998,1.856498999999997e-12
0.010520150000000004,1.9162139999999986e-12
0.010520150000000004,1.9162139999999986e-12
0.01061759,1.977864999999999e-12
0.01061759,1.977864999999999e-12
0.010715930000000002,2.0415149999999967e-12
0.010715930000000002,2.0415149999999967e-12
0.010815190000000002,2.1072280000000034e-12
0.010815190000000002,2.1072280000000034e-12
0.010915360000000004,2.1750720000000003e-12
0.010915360000000004,2.1750720000000003e-12
0.011016459999999995,2.2451169999999967e-12
0.011016459999999995,2.2451169999999967e-12
0.011118499999999998,2.3174349999999994e-12
0.011118499999999998,2.3174349999999994e-12
0.011221479999999997,2.3920989999999985e-12
0.011221479999999997,2.3920989999999985e-12
0.011325410000000005,2.4691859999999984e-12
0.011325410000000005,2.4691859999999984e-12
0.011430309999999997,2.548775000000004e-12
0.011430309999999997,2.548775000000004e-12
0.011536179999999995,2.6309470000000037e-12
0.011536179999999995,2.6309470000000037e-12
0.011643029999999997,2.715787999999997e-12
0.011643029999999997,2.715787999999997e-12
0.011750870000000002,2.8033839999999988e-12
0.011750870000000002,2.8033839999999988e-12
0.011859709999999997,2.8938249999999955e-12
0.011859709999999997,2.8938249999999955e-12
0.011969559999999995,2.9874470000000017e-12
0.011969559999999995,2.9874470000000017e-12
0.012080419999999998,3.0886749999999997e-12
0.012080419999999998,3.0886749999999997e-12
0.012192310000000001,3.193352999999997e-12
0.012192310000000001,3.193352999999997e-12
0.012305239999999999,3.301601000000005e-12
0.012305239999999999,3.301601000000005e-12
0.012419209999999998,3.413540999999997e-12
0.012419209999999998,3.413540999999997e-12
0.012534239999999997,3.5292989999999977e-12
0.012534239999999997,3.5292989999999977e-12
0.012650340000000003,3.649004999999994e-12
0.012650340000000003,3.649004999999994e-12
0.012767510000000001,3.772795999999996e-12
0.012767510000000001,3.772795999999996e-12
0.01288576,3.902212000000003e-12
0.01288576,3.902212000000003e-12
0.013005110000000002,4.0377869999999945e-12
0.013005110000000002,4.0377869999999945e-12
0.013125569999999998,4.178097000000005e-12
0.013125569999999998,4.178097000000005e-12
0.013247140000000001,4.323309999999995e-12
0.013247140000000001,4.323309999999995e-12
0.013369839999999997,4.473596999999999e-12
0.013369839999999997,4.473596999999999e-12
0.013493670000000003,4.629136999999993e-12
0.013493670000000003,4.629136999999993e-12
0.013618649999999998,4.790112000000001e-12
0.013618649999999998,4.790112000000001e-12
0.013744789999999996,4.956715000000008e-12
0.013744789999999996,4.956715000000008e-12
0.013872100000000004,5.1284480000000025e-12
0.013872100000000004,5.1284480000000025e-12
0.014000579999999997,5.306053999999996e-12
0.014000579999999997,5.306053999999996e-12
0.014130259999999997,5.48984300000001e-12
0.014130259999999997,5.48984300000001e-12
0.014261140000000004,5.680029999999992e-12
0.014261140000000004,5.680029999999992e-12
0.014393230000000002,5.876838999999994e-12
0.014393230000000002,5.876838999999994e-12
0.014526540000000004,6.080500999999994e-12
0.014526540000000004,6.080500999999994e-12
0.014661090000000005,6.291256999999999e-12
0.014661090000000005,6.291256999999999e-12
0.014796879999999998,6.513312999999993e-12
0.014796879999999998,6.513312999999993e-12
0.01493393,6.753856000000011e-12
0.01493393,6.753856000000011e-12
0.015072249999999997,7.003320999999998e-12
0.015072249999999997,7.003320999999998e-12
0.015211859999999995,7.262040000000009e-12
0.015211859999999995,7.262040000000009e-12
0.015352749999999995,7.530356999999995e-12
0.015352749999999995,7.530356999999995e-12
0.015494950000000004,7.80862800000001e-12
0.015494950000000004,7.80862800000001e-12
0.015638469999999995,8.097225999999991e-12
0.015638469999999995,8.097225999999991e-12
0.01578331,8.39653299999999e-12
0.01578331,8.39653299999999e-12
0.015929500000000006,8.706949000000011e-12
0.015929500000000006,8.706949000000011e-12
0.016077040000000008,9.028887000000014e-12
0.016077040000000008,9.028887000000014e-12
0.016225950000000003,9.362775999999994e-12
0.016225950000000003,9.362775999999994e-12
0.01637624,9.709061999999991e-12
0.01637624,9.709061999999991e-12
0.01652792,1.0068199999999999e-11
0.01652792,1.0068199999999999e-11
0.016681009999999996,1.0440679999999992e-11
0.016681009999999996,1.0440679999999992e-11
0.01683550999999999,1.0827000000000014e-11
0.01683550999999999,1.0827000000000014e-11
0.01699144,1.1227660000000008e-11
0.01699144,1.1227660000000008e-11
0.01714882,1.164320000000001e-11
0.01714882,1.164320000000001e-11
0.017307660000000006,1.2074180000000017e-11
0.017307660000000006,1.2074180000000017e-11
0.017312360577962142,1.2087115539982479e-11
0.017312360577962142,1.2087115539982479e-11
0.017930339665403586,1.3279054563714999e-11
0.017930339665403586,1.3279054563714999e-11
0.019647701309758275,1.670731458831366e-11
0.019647701309758275,1.670731458831366e-11
0.021070054028092682,1.909624900563391e-11
0.021070054028092682,1.909624900563391e-11
0.022595374886234292,2.2098907876024822e-11
0.022595374886234292,2.2098907876024822e-11
0.024231118039315436,2.5732632382819988e-11
0.024231118039315436,2.5732632382819988e-11
0.02598527726986035,3.0203484009768885e-11
0.02598527726986035,3.0203484009768885e-11
0.02876593437868744,3.8526682420351796e-11
0.02876593437868744,3.8526682420351796e-11
0.030848381801614942,4.4387680786471603e-11
0.030848381801614942,4.4387680786471603e-11
0.03308158348867195,5.159493835229294e-11
0.03308158348867195,5.159493835229294e-11
0.035476452967807874,5.997244317365281e-11
0.035476452967807874,5.997244317365281e-11
0.0380446938281554,6.958692164847111e-11
0.0380446938281554,6.958692164847111e-11
0.039293249999999995,7.450490247277332e-11
0.039293249999999995,7.450490247277332e-11
0.039293249999999995,5.170916198571795e-11
0.039293249999999995,5.170916198571795e-11
0.039293249999999995,2.2848775500000037e-11
0.039293249999999995,2.2848775500000037e-11
0.039293249999999995,2.2622550000000023e-11
0.039293249999999995,2.2622550000000023e-11
0.049131869999999994,1.614877000000002e-11
0.049131869999999994,1.614877000000002e-11
0.06828857,1.947967000000002e-11
0.06828857,1.947967000000002e-11
0.07754743974263317,2.6924780415440767e-11
0.07754743974263317,2.6924780415440767e-11
0.07815185376270005,2.397362982444958e-11
0.07815185376270005,2.397362982444958e-11
0.08207048791517095,2.8334633553452114e-11
0.08207048791517095,2.8334633553452114e-11
0.08305559300482364,3.206393336676863e-11
0.08305559300482364,3.206393336676863e-11
0.08520525469113979,3.421900496224731e-11
0.08520525469113979,3.421900496224731e-11
0.1063126,6.011089000000004e-11
0.1063126,6.011089000000004e-11
0.13192325469245167,1.329425233356102e-10
0.13192325469245167,1.329425233356102e-10
0.16370350389934463,2.940185132983256e-10
0.16370350389934463,2.940185132983256e-10
0.2031396,6.502576000000008e-10
0.2031396,6.502576000000008e-10
0.22926567724871363,1.115887312873137e-9
0.22926567724871363,1.115887312873137e-9
0.23902786820186792,1.1126673193449653e-9
0.23902786820186792,1.1126673193449653e-9
0.2587616900191323,1.1118905073178739e-9
0.2587616900191323,1.1118905073178739e-9
0.2801247098309448,1.1204653514547982e-9
0.2801247098309448,1.1204653514547982e-9
0.30325143204957833,1.1118905073178739e-9
0.30325143204957833,1.1118905073178739e-9
0.3301340058199723,1.1118905073178739e-9
0.3301340058199723,1.1118905073178739e-9
0.35539044065340775,1.1405985977636936e-9
0.35539044065340775,1.1405985977636936e-9
0.3847310011670065,1.1118905073178739e-9
0.3847310011670065,1.1118905073178739e-9
0.41649387920177827,1.1118905073178739e-9
0.41649387920177827,1.1118905073178739e-9
0.4508790580597006,1.1118905073178739e-9
0.4508790580597006,1.1118905073178739e-9
0.4881030313972861,1.1118905073178739e-9
0.4881030313972861,1.1118905073178739e-9
0.5284001662984179,1.1118905073178739e-9
0.5284001662984179,1.1118905073178739e-9
0.5720241788806644,1.1126673193449653e-9
0.5720241788806644,1.1126673193449653e-9
0.6192497317256768,1.1204653514547982e-9
0.6192497317256768,1.1204653514547982e-9
0.6703741631913119,1.1204653514547982e-9
0.6703741631913119,1.1204653514547982e-9
0.7257193594934545,1.1204653514547982e-9
0.7257193594934545,1.1204653514547982e-9
0.7856337813444181,1.1235998454216797e-9
0.7856337813444181,1.1235998454216797e-9
0.8504946579079032,1.1291063243620325e-9
0.8504946579079032,1.1291063243620325e-9
0.9207103618839579,1.1291063243620325e-9
0.9207103618839579,1.1291063243620325e-9
0.9967229806777735,1.1346397891643356e-9
0.9967229806777735,1.1346397891643356e-9
1.0790110998407512,1.141794109514981e-9
1.0790110998407512,1.141794109514981e-9
1.1672650000000002,1.1465457624757971e-9
1.1672650000000002,1.1465457624757971e-9
1.1672650000000002,7.587035867898201e-10
1.1672650000000002,7.587035867898201e-10
1.1672650000000002,3.3830286906122525e-10
1.1672650000000002,3.3830286906122525e-10
1.1672650000000002,1.50847884744167e-10
1.1672650000000002,1.50847884744167e-10
1.1672650000000002,6.72624633510609e-11
1.1672650000000002,6.72624633510609e-11
1.1672650000000002,2.999206109999997e-11
1.1672650000000002,2.999206109999997e-11
1.1672650000000002,2.969510999999995e-11
1.1672650000000002,2.969510999999995e-11
1.1819739999999999,2.370446e-11
1.1819739999999999,2.370446e-11
1.199823,1.8093689999999993e-11
1.199823,1.8093689999999993e-11
1.2183920000000001,1.4326880000000007e-11
1.2183920000000001,1.4326880000000007e-11
1.237239,1.1482640000000012e-11
1.237239,1.1482640000000012e-11
1.2584970000000002,9.253196000000016e-12
1.2584970000000002,9.253196000000016e-12
1.280116,7.493584000000002e-12
1.280116,7.493584000000002e-12
1.304307,6.075179999999995e-12
1.304307,6.075179999999995e-12
1.3312080000000002,4.895437000000009e-12
1.3312080000000002,4.895437000000009e-12
1.358654,3.985267000000007e-12
1.358654,3.985267000000007e-12
1.3890250000000002,3.1933249999999956e-12
1.3890250000000002,3.1933249999999956e-12
1.422441,2.6539579999999966e-12
1.422441,2.6539579999999966e-12
1.459122,2.2107249999999985e-12
1.459122,2.2107249999999985e-12
1.4967480000000002,1.8420850000000022e-12
1.4967480000000002,1.8420850000000022e-12
1.535348,1.5307850000000021e-12
1.535348,1.5307850000000021e-12
1.574935,1.2823410000000011e-12
1.574935,1.2823410000000011e-12
1.620999,1.0860119999999993e-12
1.620999,1.0860119999999993e-12
1.6768779999999999,9.270710999999996e-13
1.6768779999999999,9.270710999999996e-13
1.734682,7.927611999999995e-13
1.734682,7.927611999999995e-13
1.7944710000000001,6.823487000000006e-13
1.7944710000000001,6.823487000000006e-13
1.85942,6.064872999999991e-13
1.85942,6.064872999999991e-13
1.929974,5.406497000000001e-13
1.929974,5.406497000000001e-13
2.003195,4.859523e-13
2.003195,4.859523e-13
2.079161,4.476739e-13
2.079161,4.476739e-13
2.158002,4.1400920000000006e-13
2.158002,4.1400920000000006e-13
2.239815,3.877274000000007e-13
2.239815,3.877274000000007e-13
2.324718,3.661099e-13
2.324718,3.661099e-13
2.412831,3.4778670000000044e-13
2.412831,3.4778670000000044e-13
2.5042660000000003,3.3382809999999997e-13
2.5042660000000003,3.3382809999999997e-13
2.599163,3.213061999999999e-13
2.599163,3.213061999999999e-13
2.697655,3.0948849999999987e-13
2.697655,3.0948849999999987e-13
2.8271750000000004,3.0666279999999993e-13
2.8271750000000004,3.0666279999999993e-13
2.9251039999999997,2.962805000000002e-13
2.9251039999999997,2.962805000000002e-13
3.0498670000000008,2.942971999999996e-13
3.0498670000000008,2.942971999999996e-13
3.2294959999999997,2.9572479999999957e-13
3.2294959999999997,2.9572479999999957e-13
3.3724169999999996,2.990723000000003e-13
3.3724169999999996,2.990723000000003e-13
3.4783259999999996,3.058969999999997e-13
3.4783259999999996,3.058969999999997e-13
3.6007550000000004,3.1295040000000017e-13
3.6007550000000004,3.1295040000000017e-13
3.7312699999999994,3.2204219999999976e-13
3.7312699999999994,3.2204219999999976e-13
3.872482,3.3411879999999945e-13
3.872482,3.3411879999999945e-13
4.019028,3.4793580000000033e-13
4.019028,3.4793580000000033e-13
4.171023,3.753886999999994e-13
4.171023,3.753886999999994e-13
4.328771,4.042919000000004e-13
4.328771,4.042919000000004e-13
4.492473,4.3750180000000064e-13
4.492473,4.3750180000000064e-13
4.662314,4.814431000000002e-13
4.662314,4.814431000000002e-13
4.838555000000001,5.334830000000008e-13
4.838555000000001,5.334830000000008e-13
5.021451,5.926618e-13
5.021451,5.926618e-13
5.211207,6.687855999999989e-13
5.211207,6.687855999999989e-13
5.408117,7.582584999999995e-13
5.408117,7.582584999999995e-13
5.612443000000001,8.656488999999991e-13
5.612443000000001,8.656488999999991e-13
5.824446,9.994295999999985e-13
5.824446,9.994295999999985e-13
6.044444,1.1580499999999983e-12
6.044444,1.1580499999999983e-12
6.2727020000000016,1.3584829999999984e-12
6.2727020000000016,1.3584829999999984e-12
6.509564,1.5993299999999984e-12
6.509564,1.5993299999999984e-12
6.755376,1.881392999999999e-12
6.755376,1.881392999999999e-12
7.0104489999999995,2.223538000000003e-12
7.0104489999999995,2.223538000000003e-12
7.275110999999999,2.6517039999999996e-12
7.275110999999999,2.6517039999999996e-12
7.549730999999999,3.183975999999999e-12
7.549730999999999,3.183975999999999e-12
7.834752000000003,3.799167999999996e-12
7.834752000000003,3.799167999999996e-12
8.130473999999998,4.584163999999997e-12
8.130473999999998,4.584163999999997e-12
8.437344999999999,5.544856e-12
8.437344999999999,5.544856e-12
8.755804999999999,6.701219999999997e-12
8.755804999999999,6.701219999999997e-12
9.086278,8.109530999999993e-12
9.086278,8.109530999999993e-12
9.429211,9.837542000000013e-12
9.429211,9.837542000000013e-12
9.796048,1.2060910000000018e-11
9.796048,1.2060910000000018e-11
10.170459999999997,1.4684410000000007e-11
10.170459999999997,1.4684410000000007e-11
10.501079999999998,1.751197999999999e-11
10.501079999999998,1.751197999999999e-11
10.8299,2.0606680000000003e-11
10.8299,2.0606680000000003e-11
10.8299,2.0812746800000016e-11
10.8299,2.0812746800000016e-11
10.8299,3.8492061036214415e-11
10.8299,3.8492061036214415e-11
10.8299,7.118900628799559e-11
10.8299,7.118900628799559e-11
10.8299,1.3166025616306377e-10
10.8299,1.3166025616306377e-10
10.8299,2.4349859559490197e-10
10.8299,2.4349859559490197e-10
10.8299,4.5033761732360493e-10
10.8299,4.5033761732360493e-10
10.8299,8.328753152814773e-10
10.8299,8.328753152814773e-10
10.8299,1.5403583092343643e-9
10.8299,1.5403583092343643e-9
10.8299,2.8488102328083553e-9
10.8299,2.8488102328083553e-9
10.8299,5.268722020000345e-9
10.8299,5.268722020000345e-9
10.8299,9.744219325086945e-9
10.8299,9.744219325086945e-9
10.8299,1.802141200370085e-8
10.8299,1.802141200370085e-8
10.8299,3.332963675920084e-8
10.8299,3.332963675920084e-8
10.8299,6.16413789481174e-8
10.8299,6.16413789481174e-8
10.8299,1.140024305118323e-7
10.8299,1.140024305118323e-7
10.8299,2.1084139233069677e-7
10.8299,2.1084139233069677e-7
10.8299,3.8993986812704764e-7
10.8299,3.8993986812704764e-7
10.8299,7.211729114198292e-7
10.8299,7.211729114198292e-7
10.8299,1.3337706930656837e-6
10.8299,1.3337706930656837e-6
10.8299,2.466737495975228e-6
10.8299,2.466737495975228e-6
10.8299,4.562098946756865e-6
10.8299,4.562098946756865e-6
10.8299,8.437357778830754e-6
10.8299,8.437357778830754e-6
10.8299,0.000015604441534220378
10.8299,0.000015604441534220378
10.8299,0.000028859579263764003
10.8299,0.000028859579263764003
10.8299,0.00005337424690624089
10.8299,0.00005337424690624089
10.8299,0.00009871281236540142
10.8299,0.00009871281236540142
10.8299,0.00018256406206918426
10.8299,0.00018256406206918426
10.8299,0.0003376424595808894
10.8299,0.0003376424595808894
10.8299,0.00062445165395493
10.8299,0.00062445165395493
10.8299,0.0011548899051709144
10.8299,0.0011548899051709144
10.8299,0.0021359070548029155
10.8299,0.0021359070548029155
10.8299,0.003950245756180292
10.8299,0.003950245756180292
10.8299,0.007305768057243605
10.8299,0.007305768057243605
10.8299,0.013511626921625115
10.8299,0.013511626921625115
10.8299,0.02498903067257576
10.8299,0.02498903067257576
10.8299,0.046215874489215554
10.8299,0.046215874489215554
10.8299,0.08547378578981767
10.8299,0.08547378578981767
10.8299,0.15807919114347677
10.8299,0.15807919114347677
10.8299,0.2923590015542843
10.8299,0.2923590015542843
10.8299,0.5407023224975868
10.8299,0.5407023224975868
10.8299,1.
10.8299,1.
10.721601,1.
10.721601,1.
9.747228999999997,1.
9.747228999999997,1.
9.649756709999997,1.
9.649756709999997,1.
9.60110459418506,1.
9.60110459418506,1.
8.597709374605657,1.
8.597709374605657,1.
7.982552872920824,1.
7.982552872920824,1.
7.9027273441916215,1.
7.9027273441916215,1.
7.6991772941367875,1.
7.6991772941367875,1.
7.332000942077163,1.
7.332000942077163,1.
6.894549283281671,1.
6.894549283281671,1.
6.174011586380703,1.
6.174011586380703,1.
5.570942297323516,1.
5.570942297323516,1.
5.5287760667974375,1.
5.5287760667974375,1.
5.088787521156186,1.
5.088787521156186,1.
4.950973021207305,1.
4.950973021207305,1.
4.433555195683902,1.
4.433555195683902,1.
4.232868806931148,1.
4.232868806931148,1.
3.970211832901983,1.
3.970211832901983,1.
3.5552917021220143,1.
3.5552917021220143,1.
3.276812840380719,1.
3.276812840380719,1.
3.216184512501377,1.
3.216184512501377,1.
3.18373417318101,1.
3.18373417318101,1.
2.851007493824118,1.
2.851007493824118,1.
2.5530535175680162,1.
2.5530535175680162,1.
2.443695585725713,1.
2.443695585725713,1.
2.2862382079619077,1.
2.2862382079619077,1.
2.110031583406405,1.
2.110031583406405,1.
2.047307315564576,1.
2.047307315564576,1.
1.856749229555523,1.
1.856749229555523,1.
1.8333466870456858,1.
1.8333466870456858,1.
1.6417467223158455,1.
1.6417467223158455,1.
1.470170546181948,1.
1.470170546181948,1.
1.410780344979511,1.
1.410780344979511,1.
1.3587084462398717,1.
1.3587084462398717,1.
1.3165255063290502,1.
1.3165255063290502,1.
1.1789376500000002,1.
1.1789376500000002,1.
1.1672650000000002,1.
1.1672650000000002,1.
1.0719278350027668,1.
1.0719278350027668,1.
1.,1.
0.99,1.
0.99,1.
0.9656454,1.
0.9656454,1.
0.9559889460000004,1.
0.9559889460000004,1.
0.8749104309155726,1.
0.8749104309155726,1.
0.8144636318068399,1.
0.8144636318068399,1.
0.7724194624776721,1.
0.7724194624776721,1.
0.679995346106757,1.
0.679995346106757,1.
0.664333981071425,1.
0.664333981071425,1.
0.6240990845246609,1.
0.6240990845246609,1.
0.6188392407351521,1.
0.6188392407351521,1.
0.5633793359003919,1.
0.5633793359003919,1.
0.5042592609657075,1.
0.5042592609657075,1.
0.4702014809723065,1.
0.4702014809723065,1.
0.4670643138655022,1.
0.4670643138655022,1.
0.4457976145517252,1.
0.4457976145517252,1.
0.4254841975694665,1.
0.4254841975694665,1.
0.42122935559377206,1.
0.42122935559377206,1.
0.40743114126397006,1.
0.40743114126397006,1.
0.36277573669732044,1.
0.36277573669732044,1.
0.357264727501615,1.
0.357264727501615,1.
0.32919600634355045,1.
0.32919600634355045,1.
0.32080965632432995,1.
0.32080965632432995,1.
0.31206653368635706,1.
0.31206653368635706,1.
0.2991500040679718,1.
0.2991500040679718,1.
0.2714540270117113,1.
0.2714540270117113,1.
0.26598362181238183,1.
0.26598362181238183,1.
0.233601459531615,1.
0.233601459531615,1.
0.23119357697599668,1.
0.23119357697599668,1.
0.2203525992794467,1.
0.2203525992794467,1.
0.21490931150179243,1.
0.21490931150179243,1.
0.20625402708007837,1.
0.20625402708007837,1.
0.20074294256566533,1.
0.20074294256566533,1.
0.17364231622785,1.
0.17364231622785,1.
0.1712790839939171,1.
0.1712790839939171,1.
0.15671428475406027,1.
0.15671428475406027,1.
0.15135226465914212,1.
0.15135226465914212,1.
0.1504225238217366,1.
0.1504225238217366,1.
0.1402994303702899,1.
0.1402994303702899,1.
0.13470743253196038,1.
0.13470743253196038,1.
0.13310411773840328,1.
0.13310411773840328,1.
0.13177307656101916,1.
0.13177307656101916,1.
0.1268916074465214,1.
0.1268916074465214,1.
0.11907339407458689,1.
0.11907339407458689,1.
0.11335906240964302,1.
0.11335906240964302,1.
0.1039584197888229,1.
0.1039584197888229,1.
0.10343322471076559,1.
0.10343322471076559,1.
0.0968612769726238,1.
0.0968612769726238,1.
0.09400727552311017,1.
0.09400727552311017,1.
0.09159179760372387,1.
0.09159179760372387,1.
0.0904733936583565,1.
0.0904733936583565,1.
0.09039467165037135,1.
0.09039467165037135,1.
0.08118829925864011,1.
0.08118829925864011,1.
0.07400429405428723,1.
0.07400429405428723,1.
0.07140529459092122,1.
0.07140529459092122,1.
0.0696450145846128,1.
0.0696450145846128,1.
0.06874277015176562,1.
0.06874277015176562,1.
0.06372749138337985,1.
0.06372749138337985,1.
0.06237168968050245,1.
0.06237168968050245,1.
0.06065884049003574,1.
0.06065884049003574,1.
0.0597939518794939,1.
0.0597939518794939,1.
0.052231581651320136,1.
0.052231581651320136,1.
0.05159630496150831,1.
0.05159630496150831,1.
0.05002190211031623,1.
0.05002190211031623,1.
0.0490457252618266,1.
0.0490457252618266,1.
0.04831228683493004,1.
0.04831228683493004,1.
0.040704776757496945,1.
0.040704776757496945,1.
0.04016287824390753,1.
0.04016287824390753,1.
0.03968618250000001,1.
0.03968618250000001,1.
0.039293249999999995,1.
0.039293249999999995,1.
0.039263913209466615,1.
0.039263913209466615,1.
0.03903533695054226,1.
0.03903533695054226,1.
0.03822497132866053,1.
0.03822497132866053,1.
0.03368774234795217,1.
0.03368774234795217,1.
0.03153975170019661,1.
0.03153975170019661,1.
0.030819597325999818,1.
0.030819597325999818,1.
0.02831885799122553,1.
0.02831885799122553,1.
0.02731471352720358,1.
0.02731471352720358,1.
0.0258620024100323,1.
0.0258620024100323,1.
0.025483472541057085,1.
0.025483472541057085,1.
0.02419136305312952,1.
0.02419136305312952,1.
0.0231388969873242,1.
0.0231388969873242,1.
0.020979942954879396,1.
0.020979942954879396,1.
0.020590123185616652,1.
0.020590123185616652,1.
0.01898863376370655,1.
0.01898863376370655,1.
0.01832938624177035,1.
0.01832938624177035,1.
0.0166532678408818,1.
0.0166532678408818,1.
0.016636397261630107,1.
0.016636397261630107,1.
0.015893275015579893,1.
0.015893275015579893,1.
0.015542929256765035,1.
0.015542929256765035,1.
0.014904832415614194,1.
0.014904832415614194,1.
0.013441867800000003,1.
0.013441867800000003,1.
0.013308780000000006,1.
0.013308780000000006,1.
0.012299832457162724,1.
0.012299832457162724,1.
0.011699316133114961,1.
0.011699316133114961,1.
0.011514933591590937,1.
0.011514933591590937,1.
0.010916518227261722,1.
0.010916518227261722,1.
0.010723505681546392,1.
0.010723505681546392,1.
0.009183196037761273,1.
0.009183196037761273,1.
0.008530804807017837,1.
0.008530804807017837,1.
0.008253734002806499,1.
0.008253734002806499,1.
0.007498163222452062,1.
0.007498163222452062,1.
0.007208206745457105,1.
0.007208206745457105,1.
0.006905165712873615,1.
0.006905165712873615,1.
0.00632002174190428,1.
0.00632002174190428,1.
0.005657969651480941,1.
0.005657969651480941,1.
0.005538622190695989,1.
0.005538622190695989,1.
0.00515021827840024,1.
0.00515021827840024,1.
0.004682169586776161,1.
0.004682169586776161,1.
0.00444642964140897,1.
0.00444642964140897,1.
0.004441135182097121,1.
0.004441135182097121,1.
0.0037166615450460617,1.
0.0037166615450460617,1.
0.003537499455299105,1.
0.003537499455299105,1.
0.003485999911734816,1.
0.003485999911734816,1.
0.0034687716173467083,1.
0.0034687716173467083,1.
0.0028631806068232105,1.
0.0028631806068232105,1.
0.0027362813529303183,1.
0.0027362813529303183,1.
0.0025698292875365077,1.
0.0025698292875365077,1.
0.002494045010621737,1.
0.002494045010621737,1.
0.002429780976220783,1.
0.002429780976220783,1.
0.0021478014434797117,1.
0.0021478014434797117,1.
0.0019038504968314593,1.
0.0019038504968314593,1.
0.0018436822008704556,1.
0.0018436822008704556,1.
0.0016858833013181742,1.
0.0016858833013181742,1.
0.0016736150008865283,1.
0.0016736150008865283,1.
0.0016689290463523874,1.
0.0016689290463523874,1.
0.0014104620613768694,1.
0.0014104620613768694,1.
0.0013233078477956225,1.
0.0013233078477956225,1.
0.0011871986174068181,1.
0.0011871986174068181,1.
0.001175444175650314,1.
0.001175444175650314,1.
0.0011463272570727359,1.
0.0011463272570727359,1.
0.0011230700164846503,1.
0.0011230700164846503,1.
0.0010449366848365531,1.
0.0010449366848365531,1.
0.0010387098909327116,1.
0.0010387098909327116,1.
0.0010345907770658936,1.
0.0010345907770658936,1.
0.0007873709090149324,1.
0.0007873709090149324,1.
0.0007536298738113105,1.
0.0007536298738113105,1.
0.0005408167210000003,1.
0.0005408167210000003,1.
0.0005354620999999999,1.
0.0005354620999999999,1.
0.0005057191255792158,1.
0.0005057191255792158,1.
0.0003393600000000001,1.
0.0003393600000000001,1.
0.0003359999999999998,1.
0.0003359999999999998,1.
0.0003359999999999998,0.5239190445415922
0.0003359999999999998,0.5239190445415922
0.0003359999999999998,0.27449116523337375
0.0003359999999999998,0.27449116523337375
0.0003359999999999998,0.14381114902417722
0.0003359999999999998,0.14381114902417722
0.0003359999999999998,0.0753453997911753
0.0003359999999999998,0.0753453997911753
0.0003359999999999998,0.03947488986919678
0.0003359999999999998,0.03947488986919678
0.0003359999999999998,0.020681646583654116
0.0003359999999999998,0.020681646583654116
0.0003359999999999998,0.010835508517654946
0.0003359999999999998,0.010835508517654946
0.0003359999999999998,0.005676929269692054
0.0003359999999999998,0.005676929269692054
0.0003359999999999998,0.0029742513589072527
0.0003359999999999998,0.0029742513589072527
0.0003359999999999998,0.0015582669301852177
0.0003359999999999998,0.0015582669301852177
0.0003359999999999998,0.0008164057212033972
0.0003359999999999998,0.0008164057212033972
0.0003359999999999998,0.0004277305054111727
0.0003359999999999998,0.0004277305054111727
0.0003359999999999998,0.00022409615771631336
0.0003359999999999998,0.00022409615771631336
0.0003359999999999998,0.00011740824483617267
0.0003359999999999998,0.00011740824483617267
0.0003359999999999998,0.00006151241545587282
0.0003359999999999998,0.00006151241545587282
0.0003359999999999998,0.00003222752593308631
0.0003359999999999998,0.00003222752593308631
0.0003359999999999998,0.000016884614594801907
0.0003359999999999998,0.000016884614594801907
0.0003359999999999998,8.846171145961623e-6
0.0003359999999999998,8.846171145961623e-6
0.0003359999999999998,4.6346775346436086e-6
0.0003359999999999998,4.6346775346436086e-6
0.0003359999999999998,2.428195825708862e-6
0.0003359999999999998,2.428195825708862e-6
0.0003359999999999998,1.2721780369652629e-6
0.0003359999999999998,1.2721780369652629e-6
0.0003359999999999998,6.66518301613639e-7
0.0003359999999999998,6.66518301613639e-7
0.0003359999999999998,3.492016317509014e-7
0.0003359999999999998,3.492016317509014e-7
0.0003359999999999998,1.8295338525929722e-7
0.0003359999999999998,1.8295338525929722e-7
0.0003359999999999998,9.58527628007005e-8
0.0003359999999999998,9.58527628007005e-8
0.0003359999999999998,5.0219087903214796e-8
0.0003359999999999998,5.0219087903214796e-8
0.0003359999999999998,2.6310736552002486e-8
0.0003359999999999998,2.6310736552002486e-8
0.0003359999999999998,1.3784695955510668e-8
0.0003359999999999998,1.3784695955510668e-8
0.0003359999999999998,7.222064734307462e-9
0.0003359999999999998,7.222064734307462e-9
0.0003359999999999998,3.783777255215901e-9
0.0003359999999999998,3.783777255215901e-9
0.0003414290906059286,3.768138850207301e-9
0.0003414290906059286,3.768138850207301e-9
0.0003469459044999737,3.787232734534326e-9
0.0003469459044999737,3.787232734534326e-9
0.00035255185911570636,3.803791345060208e-9
0.00035255185911570636,3.803791345060208e-9
0.00035824839478959834,3.818005874573753e-9
0.00035824839478959834,3.818005874573753e-9
0.0003640369751310899,3.830062088437027e-9
0.0003640369751310899,3.830062088437027e-9
0.0003699190873986337,3.840139478750908e-9
0.0003699190873986337,3.840139478750908e-9
0.0003758962428818169,3.848410596751013e-9
0.0003758962428818169,3.848410596751013e-9
0.00038196997728965465,3.855040544735979e-9
0.00038196997728965465,3.855040544735979e-9
0.0003881418511451602,3.86018660846426e-9
0.0003881418511451602,3.86018660846426e-9
0.00039441345018629084,3.863998014865033e-9
0.00039441345018629084,3.863998014865033e-9
0.0004007863857733689,3.866615796681498e-9
0.0004007863857733689,3.866615796681498e-9
0.00040726229530308947,3.8681727499606146e-9
0.00040726229530308947,3.8681727499606146e-9
0.0004138428426292167,3.868793471100221e-9
0.0004138428426292167,3.868793471100221e-9
0.0004205297184900769,3.8685944606327975e-9
0.0004205297184900769,3.8685944606327975e-9
0.0004273246409429585,3.867684280306359e-9
0.0004273246409429585,3.867684280306359e-9
0.0004342293558055331,3.866163757251546e-9
0.0004342293558055331,3.866163757251546e-9
0.00044124563710440867,3.864126221212307e-9
0.00044124563710440867,3.864126221212307e-9
0.00044837528753092793,3.8616577719156625e-9
0.00044837528753092793,3.8616577719156625e-9
0.00045562013890433465,3.858837565441747e-9
0.00045562013890433465,3.858837565441747e-9
0.0004629820526424216,3.855738115654332e-9
0.0004629820526424216,3.855738115654332e-9
0.00047046292023978606,3.852425605424342e-9
0.00047046292023978606,3.852425605424342e-9
0.000478064663753808,3.848960202511726e-9
0.000478064663753808,3.848960202511726e-9
0.00048578923629848656,3.845396376875017e-9
0.00048578923629848656,3.845396376875017e-9
0.0004936386225462523,3.84178321603771e-9
0.0004936386225462523,3.84178321603771e-9
0.0005016148392378872,3.838164736168916e-9
0.0005016148392378872,3.838164736168916e-9
0.0005097199357006866,3.834580187137771e-9
0.0005097199357006866,3.834580187137771e-9
0.0005179559943749934,3.831064348902486e-9
0.0005179559943749934,3.831064348902486e-9
0.0005263251313492363,3.827647819175482e-9
0.0005263251313492363,3.827647819175482e-9
0.0005348294969036179,3.824357290928579e-9
0.0005348294969036179,3.824357290928579e-9
0.0005434712760625844,3.821215818560403e-9
0.0005434712760625844,3.821215818560403e-9
0.0005522526891562253,3.818243073098308e-9
0.0005522526891562253,3.818243073098308e-9
0.0005611759923907396,3.815455586509378e-9
0.0005611759923907396,3.815455586509378e-9
0.000570243478428123,3.812866982895961e-9
0.000570243478428123,3.812866982895961e-9
0.0005794574769752245,3.8104882000802605e-9
0.0005794574769752245,3.8104882000802605e-9
0.0005888203553823115,3.808327698333905e-9
0.0005888203553823115,3.808327698333905e-9
0.0005983345192513156,3.806391658717582e-9
0.0005983345192513156,3.806391658717582e-9
0.0006080024130539051,3.804684170689126e-9
0.0006080024130539051,3.804684170689126e-9
0.0006101762047472285,3.80435531085681e-9
0.0006101762047472285,3.80435531085681e-9
0.0006148778000000002,3.4491519999999955e-9
0.0006148778000000002,3.4491519999999955e-9
0.0006205728999999998,3.1240289999999985e-9
0.0006205728999999998,3.1240289999999985e-9
0.0006263207,2.837902000000004e-9
0.0006263207,2.837902000000004e-9
0.0006321218000000002,2.578088999999997e-9
0.0006321218000000002,2.578088999999997e-9
0.0006379767000000002,2.3557609999999996e-9
0.0006379767000000002,2.3557609999999996e-9
0.0006438857,2.1614429999999996e-9
0.0006438857,2.1614429999999996e-9
0.0006498494999999998,1.9832369999999973e-9
0.0006498494999999998,1.9832369999999973e-9
0.0006558685999999999,1.820557999999997e-9
0.0006558685999999999,1.820557999999997e-9
0.0006619433000000003,1.6822290000000018e-9
0.0006619433000000003,1.6822290000000018e-9
0.0006680744000000002,1.5544759999999977e-9
0.0006680744000000002,1.5544759999999977e-9
0.0006742622000000003,1.4364840000000015e-9
0.0006742622000000003,1.4364840000000015e-9
0.0006805073999999997,1.3270680000000004e-9
0.0006805073999999997,1.3270680000000004e-9
0.0006868104000000003,1.2225279999999999e-9
0.0006868104000000003,1.2225279999999999e-9
0.0006931716999999996,1.126271e-9
0.0006931716999999996,1.126271e-9
0.000699592,1.037635000000001e-9
0.000699592,1.037635000000001e-9
0.0007060717999999997,9.587878999999997e-10
0.0007060717999999997,9.587878999999997e-10
0.0007126115000000001,8.932308000000004e-10
0.0007126115000000001,8.932308000000004e-10
0.0007192118999999997,8.321904999999988e-10
0.0007192118999999997,8.321904999999988e-10
0.0007258734000000001,7.753536000000012e-10
0.0007258734000000001,7.753536000000012e-10
0.0007325964999999998,7.224282000000003e-10
0.0007325964999999998,7.224282000000003e-10
0.0007393819999999999,6.731432999999992e-10
0.0007393819999999999,6.731432999999992e-10
0.0007462303000000003,6.272463999999998e-10
0.0007462303000000003,6.272463999999998e-10
0.0007531419999999997,5.845028000000007e-10
0.0007531419999999997,5.845028000000007e-10
0.0007601178000000002,5.458138999999995e-10
0.0007601178000000002,5.458138999999995e-10
0.0007671581000000002,5.104644999999992e-10
0.0007671581000000002,5.104644999999992e-10
0.0007742637,4.774241e-10
0.0007742637,4.774241e-10
0.0007814351000000004,4.465403999999994e-10
0.0007814351000000004,4.465403999999994e-10
0.0007886729000000001,4.193138999999993e-10
0.0007886729000000001,4.193138999999993e-10
0.0007959777,3.9430889999999986e-10
0.0007959777,3.9430889999999986e-10
0.0008033501999999997,3.708099000000006e-10
0.0008033501999999997,3.708099000000006e-10
0.000810791,3.487256000000002e-10
0.000810791,3.487256000000002e-10
0.0008183006999999997,3.2875269999999975e-10
0.0008183006999999997,3.2875269999999975e-10
0.0008258799000000004,3.1001979999999986e-10
0.0008258799000000004,3.1001979999999986e-10
0.0008335294000000003,2.9236610000000025e-10
0.0008335294000000003,2.9236610000000025e-10
0.0008412497000000001,2.758270000000003e-10
0.0008412497000000001,2.758270000000003e-10
0.0008490414999999999,2.6175740000000034e-10
0.0008490414999999999,2.6175740000000034e-10
0.0008569055000000001,2.4841530000000006e-10
0.0008569055000000001,2.4841530000000006e-10
0.0008648422999999998,2.3576270000000037e-10
0.0008648422999999998,2.3576270000000037e-10
0.0008728527,2.239564999999999e-10
0.0008728527,2.239564999999999e-10
0.0008809372000000001,2.1341460000000006e-10
0.0008809372000000001,2.1341460000000006e-10
0.0008890966,2.0337690000000023e-10
0.0008890966,2.0337690000000023e-10
0.0008973316000000001,1.9381900000000028e-10
0.0008973316000000001,1.9381900000000028e-10
0.0009056428,1.849939999999998e-10
0.0009056428,1.849939999999998e-10
0.0009140311,1.770172999999997e-10
0.0009140311,1.770172999999997e-10
0.0009224969999999998,1.693911000000003e-10
0.0009224969999999998,1.693911000000003e-10
0.0009310413000000002,1.6209980000000023e-10
0.0009310413000000002,1.6209980000000023e-10
0.0009396647999999996,1.5542229999999985e-10
0.0009396647999999996,1.5542229999999985e-10
0.0009483682000000003,1.492711e-10
0.0009483682000000003,1.492711e-10
0.0009571521999999997,1.433689999999999e-10
0.0009571521999999997,1.433689999999999e-10
0.0009660175000000002,1.3770559999999977e-10
0.0009660175000000002,1.3770559999999977e-10
0.0009749648999999997,1.325554999999998e-10
0.0009749648999999997,1.325554999999998e-10
0.0009839951999999995,1.277239e-10
0.0009839951999999995,1.277239e-10
0.0009931092000000003,1.2307309999999985e-10
0.0009931092000000003,1.2307309999999985e-10
0.0010023079999999997,1.1859619999999999e-10
0.0010023079999999997,1.1859619999999999e-10
0.001011591,1.1471859999999993e-10
0.001011591,1.1471859999999993e-10
0.001020961,1.1104419999999993e-10
0.001020961,1.1104419999999993e-10
0.0010284256345868426,1.0822740886137706e-10
0.0010284256345868426,1.0822740886137706e-10
0.0010284256345868426,5.503366503592137e-11
0.0010284256345868426,5.503366503592137e-11
0.0010284256345868426,2.3671310865760837e-11
0.0010284256345868426,2.3671310865760837e-11
0.0010284256345868426,1.0181603528272121e-11
0.0010284256345868426,1.0181603528272121e-11
0.0010345907770658936,1.0244729234417857e-11
0.0010345907770658936,1.0244729234417857e-11
0.0010345907770658936,5.778450927185928e-12
0.0010345907770658936,5.778450927185928e-12
0.0010345907770658936,2.135863074045105e-12
0.0010345907770658936,2.135863074045105e-12
0.0010345907770658936,7.894695530954345e-13
0.0010345907770658936,7.894695530954345e-13
0.0010345907770658936,2.9180811393696456e-13
0.0010345907770658936,2.9180811393696456e-13
0.0010345907770658936,1.0785973319119839e-13
0.0010345907770658936,1.0785973319119839e-13
0.0011019112874516076,1.2022193158939201e-13
0.0011019112874516076,1.2022193158939201e-13
0.001184777440431519,1.2858775548847387e-13
0.001184777440431519,1.2858775548847387e-13
0.0012705468333213663,1.4426768043439396e-13
0.0012705468333213663,1.4426768043439396e-13
0.0013625253153664015,1.607176007755434e-13
0.0013625253153664015,1.607176007755434e-13
0.0014611623801078296,1.7715167737774182e-13
0.0014611623801078296,1.7715167737774182e-13
0.0015669400611967672,1.9440399966743053e-13
0.0015669400611967672,1.9440399966743053e-13
0.00168037528806493,2.1542361312979236e-13
0.00168037528806493,2.1542361312979236e-13
0.001802022412128957,2.3977467820917645e-13
0.001802022412128957,2.3977467820917645e-13
0.0019324759158738543,2.6546486331098237e-13
0.0019324759158738543,2.6546486331098237e-13
0.0020723733180546267,2.926098049837834e-13
0.0020723733180546267,2.926098049837834e-13
0.002222398289213706,3.2439128245122445e-13
0.002222398289213706,3.2439128245122445e-13
0.0023832839927394856,3.6208389015245705e-13
0.0023832839927394856,3.6208389015245705e-13
0.0025558166677935546,4.053383407661688e-13
